word,corpus_freq,n_missing,missing_bigrams
झडङ्ङ,5,2,डङ ्ङ
डङ्ङगुर,4,2,डङ ्ङ
डङ्ङ,3,2,डङ ्ङ
तङ्ङु,2,2,ङु ्ङ
ढुङ्ङो,2,2,ङो ्ङ
एफइआइएमएस,7,2,इआ फइ
एफइआईएमएस,2,2,इआ फइ
एर्फइआईएमएस,2,2,इआ फइ
भृ्ङ्गराज,2,2,ृ् ्ङ
हृवाङ्ङै,3,2,ङै ्ङ
ड्याङ्ङै,2,2,ङै ्ङ
छङ्ङ,2,2,छङ ्ङ
ठङ्ग्रङ्ङ,2,2,ठङ ्ङ
डङोलले,2,2,ङो डङ
पॉंच,15,2,पॉ ॉं
पॉंचवटा,6,2,पॉ ॉं
पॉंचवर्ष,2,2,पॉ ॉं
चॉंड़ै,3,3,चॉ ़ै ॉं
अर्धदक्ष,125,1,धद
जनयुद्धदेखि,35,1,धद
युद्धदेखि,30,1,धद
सॉंच्चै,11,2,सॉ ॉं
सॉंचो,8,2,सॉ ॉं
सॉंस्कृतिक,5,2,सॉ ॉं
ििै,4,2,िि िै
गरििदए,9,2,दए िि
गरििदएको,7,2,दए िि
गरििदएका,3,2,दए िि
आर्म्स्ट्रॉंग,2,2,रॉ ॉं
इख,91,1,इख
कमाइखाने,37,1,इख
माइखोलामा,33,1,इख
जॉंच,20,2,जॉ ॉं
जॉंदा,10,2,जॉ ॉं
जॉंदै,3,2,जॉ ॉं
नागरिकइतभभत्र,2,2,कइ भभ
ईङंकसँग,5,2,ईङ ङं
चॉंही,7,2,चॉ ॉं
चॉंडो,3,2,चॉ ॉं
खॉंटी,3,2,खॉ ॉं
मॉं,2,2,मॉ ॉं
गॉंसियो,2,2,गॉ ॉं
आखॉं,2,2,खॉ ॉं
खॉंचो,2,2,खॉ ॉं
टॉंसेका,2,2,टॉ ॉं
ठॉंउमा,2,2,ठॉ ॉं
खष्ििबनभ,2,2,खष िि
घॉंस,5,2,घॉ ॉं
ऋभिि,4,2,ऋभ िि
सम्बोृधन,2,2,ृध ोृ
दॉंत,2,2,दॉ ॉं
जँचाउन,141,1,जँ
जँड्याहा,89,1,जँ
जँहा,53,1,जँ
ईङघङ,4,2,ईङ घङ
छॉंट,3,2,छॉ ॉं
चेन्नई,530,1,नई
चेन्नईले,108,1,नई
नई,99,1,नई
गर्दैे,66,1,ैे
धेरैे,29,1,ैे
नैे,28,1,ैे
गौङडङ,3,2,डङ ौङ
ईङ्गल्याण्ड,28,1,ईङ
िभ्लनष्लभभचष्लन,2,2,चष भभ
िःगलष्अष्उबष्तिथ,2,2,ःग बष
ऋयचचभकउयलमभलत,2,3,उय ऋय कउ
छुटृाछुटैृ,2,3,टृ ृा ैृ
यूथफोरम,2,2,थफ ूथ
हफ्ता,112,1,हफ
हफिजले,41,1,हफ
समृध्द,32,1,ृध
पितृधनको,27,1,ृध
महफ्वपूर्ण,27,1,हफ
यज्ञोपवितधारण,5,2,ञो तध
नोंगखघईमा,2,3,खघ गख घई
घोढचढी,3,2,ढच ोढ
छुटृाछुटृै,5,3,टृ ृा ृै
बॉयफ्रेंड,2,2,यफ ॉय
करोढभन्दा,2,2,ढभ ोढ
च्भकउयलकभ,2,2,उय कउ
सटृा,39,2,टृ ृा
रबीऊल,3,2,ऊल ीऊ
बीऊलाई,2,2,ऊल ीऊ
झयांई,2,2,ंई झय
अउङले,2,2,अउ उङ
शाश्वतधाम,41,1,तध
हातधुने,34,1,तध
आमउपभोक्तालाई,27,1,मउ
आमउपभोक्ता,24,1,मउ
आमउपभोक्ताले,23,1,मउ
भाग्यफल,55,1,यफ
यफ,37,1,यफ
ऋयउथ,2,2,ऋय यउ
जःतै,2,2,ःत जः
अइयाऽऽऽऽऽऽ,2,2,अइ ऽऽ
करोढ,38,1,ोढ
लाभभन्दा,26,1,भभ
अर्धचेत,205,1,धच
बुद्धचोकमा,47,1,धच
बुद्धचोक,46,1,धच
जिल्ऽ्ल्ऽामा,2,3,ऽा ऽ् ्ऽ
जिल्ऽ्ल्ऽा,2,3,ऽा ऽ् ्ऽ
ग़ज़ल,13,3,ग़ ़ज ़ल
वफादार,518,1,वफ
वफादारी,64,1,वफ
बषिर्य,44,1,बष
बषिर्या,16,1,बष
जावफ,15,1,वफ
निरौल्ऽाको,2,2,ऽा ्ऽ
सोरठी,157,1,रठ
मेरठ,46,1,रठ
मध्यपुरठिमी,27,1,रठ
निर्णयउपर,24,1,यउ
विजयउत्सव,14,1,यउ
केन्ऽका,9,2,ऽक ्ऽ
केन्ऽको,9,2,ऽक ्ऽ
केन्ऽबाट,4,2,ऽब ्ऽ
चन्ऽबाबु,2,2,ऽब ्ऽ
खगेन्ऽबहादुर,2,2,ऽब ्ऽ
साल्ऽको,2,2,ऽक ्ऽ
संर्घष,262,1,घष
यूथ,177,1,ूथ
रूथ,116,1,ूथ
सर्घष,55,1,घष
संर्घष्ा,51,1,घष
छउञ्जेल,29,2,उञ छउ
ग़लत,15,2,ग़ ़ल
केन्ऽीय,13,2,ऽी ्ऽ
मन्थल्ऽी,3,2,ऽी ्ऽ
मन्थल्ऽीमा,2,2,ऽी ्ऽ
मुग़ल,2,2,ग़ ़ल
ओदान,19,1,ओद
ओद्योगिक,18,1,ओद
ओदालीमा,11,1,ओद
गाँऊपालिका,8,2,ँऊ ऊप
केन्ऽले,6,2,ऽल ्ऽ
नसंफाःगु,4,2,ंफ ःग
सऊल,4,2,ऊल सऊ
अइठन,3,2,अइ इठ
कार्याल्ऽय,3,2,ऽय ्ऽ
केन्ऽिय,2,2,ऽि ्ऽ
दोल्ऽखा,2,2,ऽख ्ऽ
बल्ऽत्कार,2,2,ऽत ्ऽ
दोल्ऽखाको,2,2,ऽख ्ऽ
इन्ऽेणी,2,2,ऽे ्ऽ
केन्ऽित,2,2,ऽि ्ऽ
प्रहरील्ऽे,2,2,ऽे ्ऽ
अवल्ऽोकन,2,2,ऽो ्ऽ
गाँऊपालिकाले,2,2,ँऊ ऊप
महेन्ऽले,2,2,ऽल ्ऽ
केन्ऽमा,9,2,ऽम ्ऽ
सोल्ऽुखुम्बु,2,2,ऽु ्ऽ
छबिन्ऽविक्रम,2,2,ऽव ्ऽ
एसएल्ऽसी,2,2,ऽस ्ऽ
रंगखबर,134,1,गख
बेगखोला,89,1,गख
आंफ़ैले,2,2,ंफ ़ै
पढ़न,16,1,़न
अमेज़न,16,1,़न
आफ़नो,11,1,़न
आअइक्यू,2,2,अइ आअ
अर्को्तिर,39,1,ो्
गर्यो्,28,1,ो्
पर्यो्,19,1,ो्
ल्यएको,20,1,यए
मध्यएसिया,12,1,यए
ल्यएर,11,1,यए
लालपटृीका,10,2,टृ ृी
कटृी,8,2,टृ ृी
भुटृी,2,2,टृ ृी
लाउञ्ज,67,1,उञ
लाउञ्जले,44,1,उञ
समाजः,34,1,जः
आजः,25,1,जः
छुटृै,20,2,टृ ृै
छिटृै,3,2,टृ ृै
अर्कोतर्फअन्तर्ज्ञनको,2,2,ञन फअ
ठाँऊहरु,2,2,ँऊ ऊह
जथउयअचष्तभ,2,3,उय चष थउ
झयाल,49,1,झय
झयालबाट,27,1,झय
लागउने,20,1,गउ
लागउन,16,1,गउ
बीऊहरू,15,2,ऊह ीऊ
गउको,12,1,गउ
क्षःभ्,2,2,ःभ षः
ङ्याङङुङ,2,2,ङङ ङु
घोसणा,105,1,सण
सण्डे,47,1,सण
भासण,46,1,सण
वार्षिकउत्सव,34,1,कउ
शफथ,4,2,फथ शफ
भ्हउयचत,2,2,उय हउ
दासढुंगा,189,1,सढ
दासढुंगामा,160,1,सढ
दासढुङ्गा,53,1,सढ
दिवङ्गत,388,1,वङ
सिंढी,78,1,ंढ
बठ्याइँ,39,1,बठ
पिंढी,37,1,ंढ
सांढे,36,1,ंढ
वङ,14,1,वङ
बठेइ,13,1,बठ
वङगलादेश,11,1,वङ
बठे,11,1,बठ
स्पॉट,6,2,पॉ ॉट
करढढा,3,2,ढढ रढ
स्पॉटलाइटमा,2,2,पॉ ॉट
स्पॉटलाइट,2,2,पॉ ॉट
माघभित्र,162,1,घभ
एओसी,84,1,एओ
पार्टर्ीी,75,1,ीी
संघभित्र,62,1,घभ
माघभित्रै,46,1,घभ
एफएओ,43,1,एओ
पार्टर्ीीे,37,1,ीी
सशष्त्र,33,1,शष
जेडएसएल,28,1,डए
विशष,21,1,शष
ओएन्डएम,15,1,डए
एफएओको,13,1,एओ
विशषेज्ञ,13,1,शष
जेडएस,11,1,डए
राजनीीतक,11,1,ीी
आअेको,3,2,अे आअ
आअेँ,3,2,अे आअ
सवोृच्च,2,2,ृच ोृ
सर्वोृच्चमा,2,2,ृच ोृ
तीमधइे,3,2,इे धइ
एःभ्,2,2,ःभ एः
स्थूल,103,1,थू
पॉच,25,2,पॉ ॉच
थूप्रै,16,1,थू
हाछेथूले,13,1,थू
पॉचौ,6,2,पॉ ॉच
पॉचौं,3,2,पॉ ॉच
अौं,102,1,अौ
अौ,67,1,अौ
अौपचारिक,53,1,अौ
फ्रेिंग,36,1,ेि
ब्याकइन्ड,26,1,कइ
लोडसेिडंग,19,1,ेि
सेिडंग,14,1,ेि
टेम्केमैयङु,13,1,ङु
क्रिकइन्फोले,13,1,कइ
घाइेत,11,1,इे
घाइेते,7,1,इे
दुईथरी,192,1,ईथ
दुईथान,74,1,ईथ
ओच्छ्यानमा,69,1,ओच
सम्प्रेशण,52,1,शण
दुईथरि,43,1,ईथ
भण्डारढिकमा,38,1,रढ
भण्डारढिक,35,1,रढ
ओच्छ्यान,32,1,ओच
घोशणा,27,1,शण
सिङो,24,1,ङो
फच्र्यौट,23,1,फच
विश्लेशण,22,1,शण
अउने,22,1,अउ
फच्चे,22,1,फच
ओचा,21,1,ओच
गनेृ,17,1,ेृ
अउडी,12,1,अउ
जवाफचाहिँ,11,1,फच
नेृतत्व,11,1,ेृ
र्आिर्थक,8,2,आि ्आ
नेृत्वमा,6,1,ेृ
औशधि,3,2,औश शध
औशधी,2,2,औश शध
रणउणटका,2,2,णउ णट
ऊप्रति,60,1,ऊप
एकैघरका,46,1,ैघ
जिवछ,38,1,वछ
षट्कोण,33,1,षट
जीवछ,29,1,वछ
आंफै,26,1,ंफ
स्वछन्द,24,1,वछ
उझिन्डो,21,1,उझ
आशफोर्ड,20,1,शफ
आशफोर्डमा,14,1,शफ
सैघा,12,1,ैघ
घरैघरले,11,1,ैघ
षट्चक्रको,11,1,षट
माअेवादी,10,1,अे
च्याउझैं,8,1,उझ
बिउझिँदा,8,1,उझ
प्रषटाईएको,5,1,षट
हराउॅदै,3,2,उॅ ॅद
ःयखझभलत,2,3,ःय खझ झभ
बढाउॅदै,2,2,उॅ ॅद
पउल,96,1,पउ
लोपउन्मुख,41,1,पउ
अपॉइंटमेंट,38,2,पॉ ॉइ
ग़ैर,22,2,ग़ ़ै
पउने,13,1,पउ
ठृ्लो,9,2,ठृ ृ्
विद्आउट,7,1,्आ
ह्याङ्आउट,5,1,्आ
पॉइंट,3,2,पॉ ॉइ
अपॉइंटमेंटको,3,2,पॉ ॉइ
ब्ध्भ्क्इःभ्,2,2,ःभ इः
ठृ्ल्दाजु,2,2,ठृ ृ्
साइडइफेक्ट,68,1,डइ
एैतिहासिक,42,1,एै
माओेवादी,31,1,ओे
ओेली,26,1,ओे
एैन,24,1,एै
लिंक्डइन,19,1,डइ
माओेवादीसँग,13,1,ओे
लिङ्क्डइन,12,1,डइ
एैरीले,10,1,एै
गरिैएको,4,2,िै ैए
धनाढइ्को,3,2,इ् ढइ
जाॅदा,2,2,ाॅ ॅद
आफृ्लाई,2,2,फृ ृ्
गृहषृष्ठ,19,2,षृ हष
दाङः,15,1,ङः
मोरङः,12,1,ङः
पाठइ्पुस्तक,12,2,इ् ठइ
दार्जीलिङः,9,1,ङः
तेसं्रो,7,1,ं्
पाठइ्क्रम,7,2,इ् ठइ
रामं्रो,6,1,ं्
कागं्रेस,5,1,ं्
धौःधौ,3,2,ःध ौः
पाठइ्क्रमको,3,2,इ् ठइ
बढूवा,57,1,ढू
बछौली,43,1,बछ
बढूवाकाे,41,1,ढू
पढून्,31,1,ढू
गर्नेु,21,1,ेु
छ्यासछ्यास्ती,21,1,सछ
बछौलीका,18,1,बछ
बछलाथ्व,18,1,बछ
गर्नेुपर्ने,16,1,ेु
त्यसछि,15,1,सछ
सछ्वान,14,1,सछ
भनेु,6,1,ेु
ज्ञद्धण्,2,2,ञद धण
दिउॅसो,2,2,उॅ ॅस
चउरमा,113,1,चउ
चउर,74,1,चउ
ऋद्धिसिद्धि,25,1,ऋद
उङ,22,1,उङ
ऋद्धि,17,1,ऋद
ऋद्धिबहादुर,16,1,ऋद
हिउङ,14,1,उङ
चउन्न,10,1,चउ
गाउॅमा,8,2,उॅ ॅम
म्भखभयिऊभलत,4,2,ऊभ भख
ठाउॅमा,3,2,उॅ ॅम
बाॅकि,3,2,ाॅ ॅक
उठाउॅंदै,2,2,उॅ ॅं
बताउॅंदै,2,2,उॅ ॅं
आउॅंदो,2,2,उॅ ॅं
ज्ञज्ञछ,2,2,ञछ ञज
बाॅके,2,2,ाॅ ॅक
त्यहाॅका,2,2,ाॅ ॅक
नवीगाउॅमा,2,2,उॅ ॅम
मभखभयिऊभलत,2,2,ऊभ भख
इलेक्ट्रॉनिकी,2,2,रॉ ॉन
न्यूट्रॉन,2,2,रॉ ॉन
घरपझोङ,99,1,पझ
यज्ञनिधिको,87,1,ञन
यज्ञनिधि,74,1,ञन
हषिर्त,58,1,हष
ऊहाँले,48,1,ऊह
ओथारो,40,1,ओथ
छफफल,21,2,छफ फफ
बिचफाँटामा,19,1,चफ
रहष्य,18,1,हष
झ्यापझ्याप,13,1,पझ
बीचफाँटामा,11,1,चफ
ओथेलो,10,1,ओथ
गाउॅपालिका,10,2,उॅ ॅप
म्याचफिक्सिङ,10,1,चफ
सिलिङअनुसार,9,1,ङअ
ओथारा,8,1,ओथ
झ्यापझुप,8,1,पझ
तथ्याङअनुसार,6,1,ङअ
गाउॅपालिकामा,5,2,उॅ ॅप
सुटिङअघि,5,1,ङअ
ऐतिहाॅसिक,3,2,ाॅ ॅस
डाॅडा,3,2,ाॅ ॅड
पाउॅछ,3,2,उॅ ॅछ
बताउॅछन,3,2,उॅ ॅछ
ईतिहाॅसलाई,2,2,ाॅ ॅस
डाॅडामा,2,2,ाॅ ॅड
मनाउॅछन,2,2,उॅ ॅछ
ज्ञज्ञण्,2,2,ञज ञण
छफफलमार्फत,2,2,छफ फफ
घिउलाडाॅडामा,2,2,ाॅ ॅड
गाउॅपालिकाका,2,2,उॅ ॅप
ढज्ञज्ञ,2,2,ञज ढज
गाउॅघरमा,2,2,उॅ ॅघ
छंदा,45,1,छं
छंदै,37,1,छं
छंदैछ,31,1,छं
देहधारण,29,1,हध
देहधारी,26,1,हध
राहधानी,22,1,हध
शत्रुू,22,1,ुू
आछामी,17,1,आछ
जॉन,16,2,जॉ ॉन
आछाम,14,1,आछ
आछुआछु,8,1,आछ
ठुूलो,5,1,ुू
हुूदैन,5,1,ुू
ज्ञज्ञठ,2,2,ञज ञठ
पॉवर,2,2,पॉ ॉव
तपॉई,2,2,पॉ ॉई
ल्ऋब्च्,2,2,ऋब ्ऋ
ठाउॅबाट,2,2,उॅ ॅब
काठमाडौः,107,1,ौः
बाथटबमा,70,1,थट
थट,38,1,थट
बाथटब,23,1,थट
भदौः,20,1,ौः
उशा,16,1,उश
देउशी,12,1,उश
यादृच्छिक,11,1,ृच
उब्जाउशील,10,1,उश
माइक्रोसॉफ्ट,7,2,सॉ ॉफ
स्टेरॉयड,6,2,रॉ ॉय
बीऊविजन,6,2,ऊव ीऊ
सॉफ्टवेर,5,2,सॉ ॉफ
सॉफेबगर,5,2,सॉ ॉफ
साॅघुरो,3,2,ाॅ ॅघ
ल्याउॅने,2,2,उॅ ॅन
भखैृरै,2,2,भख ैृ
नयाॅशक्तिमा,2,2,ाॅ ॅश
रॉयल्टी,2,2,रॉ ॉय
मेषः,118,1,षः
वृषः,95,1,षः
बढछ,93,1,ढछ
प्रायःद्वीपमा,55,1,ःद
भयछ,40,1,यछ
शड्ढया,26,1,शड
शड्ढयाको,25,1,शड
पढछन्,25,1,ढछ
स्मरणीयछ,20,1,यछ
समयछ,20,1,यछ
शड्ढयामा,16,1,शड
पढछु,15,1,ढछ
दुखःद,14,1,ःद
वाटशनले,13,1,टश
फुटशल,12,1,टश
सवस्टशेनमा,9,1,टश
प्रायःद्वीप,8,1,ःद
गफभन्दा,8,1,फभ
जवाफभन्दा,7,1,फभ
सेफभित्र,4,1,फभ
पाॅच,3,2,ाॅ ॅच
बॉडफॉट,2,2,ॉट ॉड
ऋजष्लब,2,2,ऋज जष
च्भखष्भध,2,2,खष भख
ढँगले,56,1,ढँ
नारायणटार,37,1,णट
ढँटुवा,29,1,ढँ
रेणू,19,1,णू
नारायणटारमा,17,1,णट
शुक्राणू,14,1,णू
ढँगबाट,10,1,ढँ
परमाणू,9,1,णू
पाँचधारेबाट,9,1,चध
पाँचधारेले,7,1,चध
पञ्चधुरा,5,1,चध
क्ष्ऋऋ,4,2,ऋऋ ्ऋ
साॅझ,3,2,ाॅ ॅझ
सहइन्चार्ज,192,1,हइ
सहइञ्चार्ज,78,1,हइ
डीएफओ,45,1,फओ
सहइन्चार्जमा,35,1,हइ
ऊंचाई,30,1,ऊं
डिएफओ,26,1,फओ
बिगँ्रदै,25,1,ँ्
युएफओ,20,1,फओ
बिगँ्रदो,11,1,ँ्
आऊछ,11,1,ऊछ
बिगिँ्रदै,9,1,ँ्
हुॅदै,8,2,ुॅ ॅद
गाऊं,7,1,ऊं
ऊंचाईमा,6,1,ऊं
चम्काऊछन,5,1,ऊछ
अ्म्मर,4,1,अ्
हुॅदैन,4,2,ुॅ ॅद
छेऊछाऊमा,4,1,ऊछ
अ्माहा,4,1,अ्
नहुॅदा,3,2,ुॅ ॅद
अ्मर,3,1,अ्
ग्ल्भ्क्ऋइ,3,2,ऋइ ्ऋ
जॉदैछौ,2,2,जॉ ॉद
जॉदा,2,2,जॉ ॉद
जॉदै,2,2,जॉ ॉद
क्ष्ऋइच्,2,2,ऋइ ्ऋ
बौङ्झतक,2,2,झत ौङ
जण्डिस,149,1,जण
टेकओभर,56,1,कओ
झङ्कार,50,1,झङ
वाकओभर,30,1,कओ
जण्डीस,30,1,जण
गणेशधाम,29,1,शध
जण्डिसको,28,1,जण
सॉझ,20,2,सॉ ॉझ
मेकओभर,18,1,कओ
झङ्कृत,17,1,झङ
झङ्कनाथ,16,1,झङ
सामान्यझैँ,14,1,यझ
सामान्यझैं,13,1,यझ
सूर्यझैँ,9,1,यझ
चतेऔ,8,1,ेऔ
कुशेऔंसी,6,1,ेऔ
छ्ट्टिै,6,1,िै
देऔं,6,1,ेऔ
लुंइटेलकाअनुसार,5,1,ंइ
लुंइटेलले,5,1,ंइ
दिंइदै,5,1,ंइ
सॉझमा,4,2,सॉ ॉझ
ःऋएः,3,3,ःऋ ऋए एः
ठङठङ,3,2,ङठ ठङ
काग़ज़ात,2,2,ग़ ़ज
काग़ज़,2,2,ग़ ़ज
घॉटीका,2,2,घॉ ॉट
घॉटी,2,2,घॉ ॉट
वॉट्सएपमा,2,2,वॉ ॉट
ल्ऋँ,2,2,ऋँ ्ऋ
फिरऔन,2,2,औन रऔ
एब्ऋप्द्दछण्,2,2,ऋप ्ऋ
छभने,105,1,छभ
सम्झ्ौता,101,1,्ौ
गाइघाट,72,1,इघ
फखर,63,1,फख
निर्णण,49,1,णण
सङै,45,1,ङै
बाघखोरमा,39,1,घख
अर्घखाँची,32,1,घख
उइघुर,29,1,इघ
युथफोर्स,28,1,थफ
बाघखोर,26,1,घख
फउल,24,1,फउ
हउ,23,1,हउ
गाइघाटमा,23,1,इघ
जञ्जालमा,22,1,जञ
ओषधि,19,1,ओष
ओषधी,18,1,ओष
ढृढ,18,1,ढृ
चापागांईले,18,1,ंई
गछर्ौं,17,1,्ौ
फउ,17,1,फउ
युथफोर्सका,16,1,थफ
जञ्जाल,16,1,जञ
सहउत्पादन,15,1,हउ
हुन्छभने,15,1,छभ
सुढृढ,14,1,ढृ
अझ्ौ,13,1,्ौ
एडजष्ट,12,1,जष
जष्टिन,11,1,जष
बागझोरामा,11,1,गझ
ढृढता,10,1,ढृ
जञ्जिरमा,10,1,जञ
फखरुद्दिन,10,1,फख
फखरले,10,1,फख
छभन्दा,10,1,छभ
ओष्ठ्य,10,1,ओष
गणणा,9,1,णण
फउण्डेशन,7,1,फउ
तपांई,7,1,ंई
नाराणण,5,1,णण
आऽऽऽ,4,2,आऽ ऽऽ
कागझैं,4,1,गझ
मृगझैं,3,1,गझ
आऽऽ,3,2,आऽ ऽऽ
राँऽऽ,2,2,ँऽ ऽऽ
रऽऽ,2,2,रऽ ऽऽ
म्भझभम,2,2,झभ भझ
अँऽऽ,2,2,ँऽ ऽऽ
ःयलभथ,2,2,ःय भथ
एऽऽ,2,2,एऽ ऽऽ
शॉट्स,2,2,शॉ ॉट
पुनःगठन,74,1,ःग
थिएः,71,1,एः
अभिलेखअनुसार,59,1,खअ
अदुअआ,58,1,अआ
बुझएको,50,1,झए
सैफअली,50,1,फअ
थए,42,1,थए
सैफअलि,29,1,फअ
बुझएका,25,1,झए
साउथएशियन,21,1,थए
कतिपए,16,1,पए
सौफ,15,1,ौफ
साउथएशिया,14,1,थए
अदुअआले,14,1,अआ
पएको,13,1,पए
प्रमुखअतिथि,13,1,खअ
वझा,13,1,वझ
बुझए,12,1,झए
अदुअआको,12,1,अआ
सष्ट्रा,11,1,सष
वझाङ,11,1,वझ
वैशाखअगावै,9,1,खअ
रुपए,8,1,पए
वझाले,7,1,वझ
सष्टा,7,1,सष
ठोक्ंिकदा,6,1,ंि
सष्टेनेवल,5,1,सष
लैंिगक,5,1,ंि
बौफिन,5,1,ौफ
चौफा,4,1,ौफ
बैंिकङ्ग,4,1,ंि
मॉनसून,4,2,मॉ ॉन
य़ूटुबमा,3,2,य़ ़ू
य़ूटूब,3,2,य़ ़ू
मॉनबहरु,2,2,मॉ ॉन
यीऽऽ,2,2,ऽऽ ीऽ
हरिनारायणऽऽऽ,2,2,णऽ ऽऽ
उऽऽऽ,2,2,उऽ ऽऽ
ढॉट्यो,2,2,ढॉ ॉट
च्भत्रगष्चझभलतक,2,2,चझ झभ
ओइऽऽऽ,2,2,इऽ ऽऽ
ऐया,116,1,ऐय
एफफाइभ,70,1,फफ
जेडआर,46,1,डआ
दक्षिणएशियामा,44,1,णए
ऐयरले,33,1,ऐय
दक्षिणएशियाको,32,1,णए
रूघाखोकी,27,1,ूघ
विशेषज्ञद्वारा,25,1,ञद
रूघा,24,1,ूघ
छङ,21,1,छङ
विज्ञद्वारा,20,1,ञद
दक्षिणएशिया,20,1,णए
ऐयर,19,1,ऐय
रामऔतार,14,2,औत मऔ
वाउछङ्सा,12,1,छङ
दूघ,11,1,ूघ
स्ट्यान्डआउट,8,1,डआ
स्टैंडआउट,6,1,डआ
गदैृछ,3,2,ृछ ैृ
जॉब,2,2,जॉ ॉब
पदैृछु,2,2,ृछ ैृ
साँझतिर,164,1,झत
राष्टिूय,74,1,िू
फेजआउट,50,1,जआ
दैलेखखवर,25,1,खख
अन्तर्राष्टिूय,20,1,िू
सीओओ,17,1,ओओ
हिजआज,16,1,जआ
कोटथर,14,1,टथ
सिओओ,14,1,ओओ
मेटिूक,13,1,िू
कठठा,10,1,ठठ
खखनाको,9,1,खख
ओओता,8,1,ओओ
भट्टथोकमा,8,1,टथ
टथ्र्यो,8,1,टथ
खखनाका,6,1,खख
एजआईजी,5,1,जआ
प्रगङ्झत,5,1,झत
चिठठा,4,1,ठठ
ठठ,4,1,ठठ
घघछ,2,2,घघ घछ
भेडि़हारिमा,2,2,़ह ि़
कथंकदाचित,126,1,थं
बुझइ,72,1,झइ
थिएा,53,1,एा
औशत,51,1,औश
कथं,35,1,थं
बुझइमा,31,1,झइ
कथंकदाचित्,25,1,थं
भएा,20,1,एा
राजइच्छा,20,1,जइ
एफई,17,1,फई
बुझइएको,13,1,झइ
बौछार,12,1,ौछ
रहछन,10,1,हछ
सरसफई,8,1,फई
पाएा,8,1,एा
पइएको,8,1,पइ
वर्षौअघि,8,1,ौअ
तेस्रंो,8,1,ंो
हाम्रंो,7,1,ंो
ुबीु,7,1,ीु
लाहछाप,7,1,हछ
दोस्रंो,7,1,ंो
नेवाःताम्सालिङ,7,1,ःत
न्यौछावर,7,1,ौछ
दःतुर,6,1,ःत
रहछ,6,1,हछ
रुपइडिहा,6,1,पइ
अर्घौअर्चलेमा,5,1,ौअ
गॉउमा,5,2,गॉ ॉउ
पइन्ट,5,1,पइ
जइर,5,1,जइ
चौअनियाँ,5,1,ौअ
कौछे,5,1,ौछ
चॉडो,5,2,चॉ ॉड
टॉयलेट,5,2,टॉ ॉय
युएफईएमईएस,5,1,फई
छउँञ्जेल,5,2,ँञ छउ
एभचष्यम,4,1,चष
समःया,4,1,ःय
जइ,4,1,जइ
गॉउपालिकाको,3,2,गॉ ॉउ
मॉडल,3,2,मॉ ॉड
फ्रीु,3,1,ीु
चॉहि,3,2,चॉ ॉह
ओलीु,2,1,ीु
ढॉचामा,2,2,ढॉ ॉच
चॉही,2,2,चॉ ॉह
गॉउपालिकामा,2,2,गॉ ॉउ
उत्तरायणं,206,1,णं
फिरऊनले,91,1,रऊ
फिरऊन,55,1,रऊ
बाउआमा,43,1,उआ
फिरऊनलाई,41,1,रऊ
श्रृँखला,35,1,ृँ
र्झछ,32,1,झछ
तसर्थः,29,1,थः
बाउआमाले,28,1,उआ
औतारी,27,1,औत
पाँचऔंले,25,1,चऔ
बाउआमाको,24,1,उआ
बुझछन्,22,1,झछ
ओँठ,21,1,ओँ
पाँचऔँले,21,1,चऔ
हरिऔन,20,1,औन
ऊजस्तै,19,1,ऊज
वर्षउमेर,19,1,षउ
पाँचऔले,19,1,चऔ
ओङ्दी,19,1,ओङ
औतार,17,1,औत
ओङ्छु,17,1,ओङ
ओङदी,16,1,ओङ
थिए्,16,1,ए्
भैईरहेको,16,1,ैई
ऊजस्तो,14,1,ऊज
अर्थः,14,1,थः
बुझछु,14,1,झछ
बताए्,11,1,ए्
शरणं,11,1,णं
भैई,11,1,ैई
श्रृँखलामा,11,1,ृँ
वर्षउमेरका,10,1,षउ
ओँठमा,10,1,ओँ
पिचईले,10,1,चई
श्रृँखलाबद्ध,10,1,ृँ
हरिऔनमा,9,1,औन
सङठन,9,1,ङठ
भए्,8,1,ए्
ऊजुरी,8,1,ऊज
ठॉउमा,6,2,ठॉ ॉउ
पदार्थः,6,1,थः
निष्कर्षउन्मुख,6,1,षउ
रेष्टुरेँष्ट,6,1,ँष
सङठित,6,1,ङठ
ओँ,5,1,ओँ
कारणं,5,1,णं
औँषधि,5,1,ँष
भैईसकेको,5,1,ैई
एचई,5,1,चई
अईपिओ,5,1,अई
अईरहेको,4,1,अई
अई,4,1,अई
असहिँष्णु,4,1,ँष
ठॉउ,4,2,ठॉ ॉउ
आरएचईएल,4,1,चई
पहुॅचमा,3,2,ुॅ ॅच
दॉनबहरुको,2,2,दॉ ॉन
माझफाँट,52,1,झफ
ऊभन्दा,49,1,ऊभ
आझै,47,1,आझ
आझेलमा,45,1,आझ
शंखघोष,39,1,खघ
कृष्णउदास,32,1,णउ
आझ,27,1,आझ
मृघशिरा,26,2,घश ृघ
भेंडा़हरू,24,1,़ह
रोज़गार,20,1,़ग
माझफाँटमा,17,1,झफ
माझफाल,16,1,झफ
शङ्खघोष,13,1,खघ
चाड़हरू,10,1,़ह
धण्टा,9,1,धण
ऊष्म,9,1,ऊष
भनाइः,8,1,इः
इः,7,1,इः
सदष्य,7,1,दष
रणउजिरेश्वरी,5,1,णउ
हठधर्मी,5,1,ठध
अष्ठधातु,4,1,ठध
हठधर्म,4,1,ठध
द्धण्,4,1,धण
गुड़गाँव,4,1,़ग
ऊषर,4,1,ऊष
ऊषा,3,1,ऊष
अपाङंगता,3,1,ङं
प्रदषणको,3,1,दष
कुॅवर,2,2,ुॅ ॅव
सङंख्या,2,1,ङं
रोज़गारीको,2,1,़ग
ज्ञण्द्धढ,2,2,ञण धढ
दषी,2,1,दष
समॉजमॉ,2,2,मॉ ॉज
अलट्रावॉयलेट,2,2,वॉ ॉय
प्राय़ः,2,2,य़ ़ः
रिऋर्ब,2,2,ऋर िऋ
य़ॊ,2,2,य़ ़ॊ
उद्घघाटन,87,1,घघ
ऐठन,78,1,ऐठ
ह्याङओभर,66,1,ङओ
लगआउट,44,1,गआ
टेर्डथाई,31,1,डथ
एऊटा,30,2,ऊट एऊ
देशघाती,26,1,शघ
टेर्डथाइ,25,1,डथ
एक्लैएक्लै,19,1,ैए
पुनःथप,18,1,ःथ
लेखफाँट,18,1,खफ
ट्रेडथाई,16,1,डथ
पूाजी,12,1,ूा
साउथइस्ट,11,1,थइ
ह्याङओभरबाट,11,1,ङओ
एऊटै,10,2,ऊट एऊ
उद्घघोष,10,1,घघ
ऐठपुर,10,1,ऐठ
वेष्टईण्डिज,9,1,टई
व्यवःथा,8,1,ःथ
यात्रृबहाक,7,1,ृब
साउथइष्ट,7,1,थइ
कटठा,7,1,टठ
ठउर,7,1,ठउ
पुनःआग्रह,7,1,ःआ
लेखफाँटमा,7,1,खफ
ठउँमा,7,1,ठउ
लेखफर्सा,6,1,खफ
कृबाट,6,1,ृब
देशघात,6,1,शघ
प्रकाशघर,5,1,शघ
टठिलो,5,1,टठ
प्रहरुी,5,1,ुी
ह्याङओभरमा,5,1,ङओ
ऐठाका,5,1,ऐठ
थइन्,5,1,थइ
चिढचिढापन,5,1,ढच
व्यवःथापन,5,1,ःथ
दूारा,4,1,ूा
चिढचिढाहट,4,1,ढच
पढ्दैएक्सचेन्ज,4,1,ैए
बिजलुी,4,1,ुी
लगआउन,4,1,गआ
पुनःआह्वान,4,1,ःआ
टठ,4,1,टठ
पाठउँदै,3,1,ठउ
वर्गआधार,3,1,गआ
जेटईले,3,1,टई
आथिॅक,3,2,िॅ ॅक
बृद्धृबृद्धा,3,1,ृब
जरुरुी,3,1,ुी
पुनःआगमन,3,1,ःआ
पूाजीगत,2,1,ूा
पिछटई,2,1,टई
धामिॅक,2,2,िॅ ॅक
रहॅदै,2,2,हॅ ॅद
औडाहा,97,1,औड
दर्पणछाया,35,1,णछ
दर्पणछायाँ,35,1,णछ
ह्याङआउट,22,1,ङआ
तपाईलाईउल्लेखित,16,1,ईउ
विशेषखालको,15,1,षख
गणेशथान,14,1,शथ
ढुङ्गैढुङ्गा,13,1,ैढ
पुनःएकीकरण,12,1,ःए
छफलमा,12,1,छफ
यज्ञयज्ञादि,12,1,ञय
ऑफ़,11,1,ऑफ
ऑफ,11,1,ऑफ
घुषखोरी,11,1,षख
रिङआउट,11,1,ङआ
ऑफै,10,1,ऑफ
ऐमाले,10,1,ऐम
औडाह,10,1,औड
पुनःएक,9,1,ःए
दइ,9,1,दइ
वर्षखेलाडी,9,1,षख
शथप,8,1,शथ
प्लाईउड,8,1,ईउ
पुनःएकपटक,8,1,ःए
औडव,8,1,औड
गणेशथानमा,7,1,शथ
लाग्दइन,7,1,दइ
दर्पणछाँया,7,1,णछ
यज्ञयागादि,7,1,ञय
झथ्र्यो,6,1,झथ
झजर,6,1,झज
संास्कृतिक,6,1,ंा
झजपुरबाट,6,1,झज
बृद्धआश्रममा,6,1,धआ
माझथर,5,1,झथ
बोझजस्तो,5,1,झज
ढुंगैढुंगा,5,1,ैढ
बुझथे,4,1,झथ
खाअअ,4,1,अअ
कंाग्रेस,4,1,ंा
न्यूओर्क,4,1,ूओ
अअन्तर्गत,4,1,अअ
ऐम्बुलेन्स,4,1,ऐम
विदशेी,4,1,ेी
ढुङ्गैढुङ्गाले,4,1,ैढ
गर्नूृ,4,1,ूृ
यज्ञयागादिमा,4,1,ञय
वृद्धआश्रममा,4,1,धआ
लेटाङआसपासको,4,1,ङआ
वृद्धआश्रम,4,1,धआ
हिसंा,4,1,ंा
इटूओ,4,1,ूओ
रहेी,3,1,ेी
प्लाईउडका,3,1,ईउ
दइन्द्र,3,1,दइ
सम्पूृर्ण,3,1,ूृ
डूओ,3,1,ूओ
बर्वरतापूृक,3,1,ूृ
अअवसरलाई,3,1,अअ
कहेी,3,1,ेी
ऐम,3,1,ऐम
लॆखा,2,2,लॆ ॆख
आउऩुहुन्छ,2,2,उऩ ऩु
अठसठृीऔँ,2,2,ठृ ृी
एफथ्री,90,1,फथ
उठछ,50,1,ठछ
यज्ञोपवीत,37,1,ञो
घई,29,1,घई
सफथ,29,1,फथ
ठंडा,28,1,ठं
नारायणथान,27,1,णथ
ऊट,19,1,ऊट
आेलीले,19,1,आे
घईले,18,1,घई
आेली,17,1,आे
जठराग्नि,17,1,जठ
गुइठा,16,1,इठ
माझखर्क,16,1,झख
बर्न्टओक,15,1,टओ
माझखर्कमा,14,1,झख
माझखण्ड,14,1,झख
यज्ञोपवित,14,1,ञो
दक्षिणढोका,13,1,णढ
छठअघि,13,1,ठअ
छौुं,12,1,ौु
प्रवेशआज्ञा,12,1,शआ
राजनीतिज्ञभन्दा,11,1,ञभ
नारायणथानमा,9,1,णथ
नारायणथानको,9,1,णथ
अर्धउपनिवेश,9,1,धउ
नारायणढ,8,1,णढ
आेलीको,8,1,आे
रूञ्चे,8,1,ूञ
ऐभरेष्ट,8,1,ऐभ
नगरूञ्जेल,7,1,ूञ
जेठअघि,7,1,ठअ
छौु,7,1,ौु
ठंड,7,1,ठं
यज्ञभूमि,7,1,ञभ
छठअन्तर्गत,6,1,ठअ
उऩको,6,2,उऩ ऩक
द्धछ,6,1,धछ
उ्दघाटन,6,1,उ्
ठंगले,6,1,ठं
ऐभाँती,6,1,ऐभ
दक्षिणढोकासम्म,5,1,णढ
द्दढ,5,1,दढ
शहीदढोका,5,1,दढ
बताइृएको,5,1,ृए
झाटझुट,5,1,टझ
जठाभाबी,5,1,जठ
विज्ञभन्दा,4,1,ञभ
पूञ्जिका,4,1,ूञ
स्थानीयवासीलाईे,4,1,ईे
श्रंृखला,4,1,ंृ
शंृखला,4,1,ंृ
कृएटिभ,4,1,ृए
उठछ्,4,1,ठछ
ऐशआराम,4,1,शआ
उऩले,4,2,उऩ ऩल
हिमशंृखला,4,1,ंृ
थियौुं,4,1,ौु
ऐशआरामको,4,1,शआ
उठछन,4,1,ठछ
बाँधछाँद,4,1,धछ
बर्न्टओकमा,4,1,टओ
कृएसनका,4,1,ृए
गुँइठेभीर,4,1,इठ
ऐभान,3,1,ऐभ
दिईेएको,3,1,ईे
केन्द्रंीय,3,1,ंी
प्रतिबद्धछौं,3,1,धछ
उलङ्गघन,3,1,गघ
सुद्दढिकरणतर्फनिर्देशित,3,1,दढ
जठर,3,1,जठ
पोर्टओ,3,1,टओ
जुद्धउच्च,3,1,धउ
संस्थालाईे,3,1,ईे
व्हिटिंगघमले,2,1,गघ
उ्रत्पादन,2,1,उ्
उऩीहरू,2,2,उऩ ऩी
रिऋीराम,2,2,ऋी िऋ
अर्धउपनिवेशको,2,1,धउ
मसानघाटझैँ,2,1,टझ
उऩदपा,2,2,उऩ ऩद
एउ्टा,2,1,उ्
संीवधान,2,1,ंी
गघि,2,1,गघ
तुलसंी,2,1,ंी
बनाउऩे,2,2,उऩ ऩे
मुढभेड,2,1,ढभ
सुदृढभन्दा,2,1,ढभ
झाँटझुँट,2,1,टझ
ऑक्सिटॉसिन,2,2,ऑक टॉ
दई,127,1,दई
छउन्जेल,96,1,छउ
शुभफल,84,1,भफ
दःुख,31,1,ःु
भाउअनुसार,30,1,उअ
गर्योि,19,1,ोि
आङङिमा,16,1,ङङ
अफशोच,15,1,फश
सहजढंगले,15,1,जढ
शुभफलदायी,12,1,भफ
दईवटा,12,1,दई
अः,11,1,अः
ठाडठाडै,10,1,डठ
परिक्षफल,10,1,षफ
ऊविरुद्ध,9,1,ऊव
पर्योि,9,1,ोि
ऋिण,8,1,ऋि
तीर्थधाम,8,1,थध
प्रत्यक्षफल,8,1,षफ
अफशोर,8,1,फश
दःुखी,8,1,ःु
स्वःचालित,8,1,ःच
निगजढ,7,1,जढ
मुक्तिनाथधाम,7,1,थध
निर्वाधढंगबाट,5,1,धढ
द्धढ,5,1,धढ
भएकॊ,5,1,कॊ
घढ,5,1,घढ
अफशोस,5,1,फश
घढ्ने,5,1,घढ
सुबः,5,1,बः
कोदई,5,1,दई
तलबः,4,1,बः
हिँड़ौं,4,1,़ौ
सप्ताहघाट,4,1,हघ
दःुखद,4,1,ःु
बजारभाउअनुसार,4,1,उअ
अर्बः,4,1,बः
ढ्याङढ्याङ,4,1,ङढ
सिमाहघाट,4,1,हघ
शुभफलमा,4,1,भफ
ऋिषिदेव,4,1,ऋि
सहजढंगमा,3,1,जढ
बृछि,3,1,ृछ
सुरक्षफौजले,3,1,षफ
कॉहा,3,1,ॉह
करोड़ौं,3,1,़ौ
पक्राउअघि,3,1,उअ
हघि,3,1,हघ
कॅडेल,3,2,कॅ ॅड
बतइएको,3,1,तइ
घढीमा,3,1,घढ
ढङढङे,3,1,ङढ
आतइबार,3,1,तइ
डिस्पोजएवल,3,1,जए
नेपालकॊ,3,1,कॊ
आरटिजएस,3,1,जए
रहेकॊ,3,1,कॊ
ऋितुराज,3,1,ऋि
ठाडठाडो,3,1,डठ
डिजएस्टर,3,1,जए
करोड़ौंको,3,1,़ौ
गॅस,3,2,गॅ ॅस
मैलॆ,3,1,लॆ
अःसहाय,3,1,अः
चुःचुः,3,1,ःच
ङ्याङङ्याङ,3,1,ङङ
उदयपुरलॆ,2,1,लॆ
हेर्योि,2,1,ोि
खष्कष्यल,2,1,खष
अःपताल,2,1,अः
पुनःचक्रीय,2,1,ःच
काडठमाडौँ,2,1,डठ
एऔटा,2,2,एऔ औट
निऽाको,2,2,ऽा िऽ
देऊवा,2,1,ऊव
तिर्थधर्म,2,1,थध
तेस्तइ,2,1,तइ
ढुङढुङ,2,1,ङढ
अलऎनको,2,2,ऎन लऎ
हजुऊऊऊर,2,2,ऊऊ ुऊ
वर्षछि,63,1,षछ
ङइन्द्रप्रसाद,54,1,ङइ
श्रेष्ठः,29,1,ठः
ठँलो,29,1,ठँ
ऎन,25,1,ऎन
ऊखु,24,1,ऊख
अलऐनमा,21,1,लऐ
मझधारमा,21,1,झध
पाठः,20,1,ठः
अफठ्यारो,19,1,फठ
हई,19,1,हई
माघशुक्ल,19,1,घश
उु,16,1,उु
मझधार,14,1,झध
वायुऊर्जा,14,1,ुऊ
अलऐन,14,1,लऐ
सहईन्चार्ज,13,1,हई
जेठः,13,1,ठः
ह्यांगओभर,12,1,गओ
सहईञ्चार्ज,12,1,हई
भएो,12,1,एो
चोरऔंला,9,1,रऔ
ुएु,9,1,एु
ङइन्द्र,8,1,ङइ
निष्कर्षछ,8,1,षछ
प्रतिऋणपत्र,8,1,िऋ
ह्याङ्गओभर,7,1,गओ
सिंहझैं,7,1,हझ
बताउुभयो,7,1,उु
अलऐनको,7,1,लऐ
ऎना,7,1,ऎन
बडउड,7,1,डउ
रिजऊड,6,2,ऊड जऊ
सहझै,6,1,हझ
ठँला,6,1,ठँ
एुटा,6,1,एु
दीर्घशंका,6,1,घश
खाणँ,5,1,णँ
अनऔपचारिक,5,1,नऔ
उुद्घाटन,5,1,उु
एु,5,1,एु
अफठ्रोमा,5,1,फठ
टंुगो,4,1,ंु
चोरऔँलो,4,1,रऔ
नऔ,4,1,नऔ
खाणँका,4,1,णँ
बर्षछि,4,1,षछ
बारिहएको,4,1,हए
पितृउध्दार,4,1,ृउ
ऊखुबारीमा,4,1,ऊख
रहएका,4,1,हए
ऋब,4,1,ऋब
डउमा,4,1,डउ
जनाएो,4,1,एो
पहाडझैं,4,1,डझ
आफ्ऩो,4,2,ऩो ्ऩ
पाढइले,4,1,ढइ
अझधेरै,4,1,झध
आठखुट्टे,4,1,ठख
ठङ,4,1,ठङ
गोठखोलाका,3,1,ठख
ढंुगाना,3,1,ंु
ऊखुको,3,1,ऊख
बायुऊर्जा,3,1,ुऊ
ह्ृदयघातका,3,1,्ृ
सिंहझैँ,3,1,हझ
माझघरे,3,1,झघ
पितृउद्धार,3,1,ृउ
अफठयारो,3,1,फठ
ऋय,3,1,ऋय
उत्ृकष्ट,3,1,्ृ
बन्डउली,3,1,डउ
साँञ्चै,3,1,ँञ
ऋब्ब्ष्,3,1,ऋब
ह्ृदय,3,1,्ृ
रहएको,3,1,हए
हाङ्गओभर,3,1,गओ
डुङइ,3,1,ङइ
चाडझैं,3,1,डझ
ढंुगानाको,3,1,ंु
आइीएनजिओ,3,1,इी
आइीसटी,3,1,इी
दृढइच्छा,3,1,ढइ
कोऽहम्,2,2,ऽह ोऽ
सोऽहम्,2,2,ऽह ोऽ
तराज़ूमा,2,1,़ू
खाणँको,2,1,णँ
नऔंल्याई,2,1,नऔ
आफलेू,2,1,ेू
केदारनाथउपाध्याय,2,1,थउ
इीतहास,2,1,इी
माझघट्टमा,2,1,झघ
झुन्डझुन्डलाई,2,1,डझ
अर्थउपार्जन,2,1,थउ
पाठखोलाको,2,1,ठख
भन्नेू,2,1,ेू
ठँहिटीको,2,1,ठँ
देखिएो,2,1,एो
गर्नुपर्नेू,2,1,ेू
झघट्ट,2,1,झघ
कृउले,2,1,ृउ
अघाउँञ्जेल,2,1,ँञ
खुऽा,2,2,ऽा ुऽ
ठॉऊमा,2,2,ठॉ ॉऊ
एकोऽहम्,2,2,ऽह ोऽ
आञ्चलिक,57,1,आञ
येस्तई,38,1,तई
धेरैओटा,32,1,ैओ
विथआउट,30,1,थआ
आञ्चलिकता,30,1,आञ
डेढघण्टा,28,1,ढघ
राष्ट्रऋण,26,1,रऋ
छिःछिः,22,1,ःछ
पूर्वऊर्जामन्त्री,19,1,वऊ
समझशक्ति,18,1,झश
षड़यन्त्र,17,1,़य
हौइन,17,1,ौइ
अओइले,17,1,अओ
ज्ञछ,16,1,ञछ
सञचालन,15,1,ञच
मातृऔंसी,13,1,ृऔ
टेक्नोलॉजी,12,1,ॉज
घइते,12,1,घइ
आञ्चलिकताको,12,1,आञ
पादटिप्पणी,11,1,दट
ऑस्ट्रेलिया,10,1,ऑस
छिःछि,10,1,ःछ
छछ,9,1,छछ
चितई,8,1,तई
शुक्रऋषि,8,1,रऋ
सरक्षंण,8,1,षं
पहाड़वासीको,8,1,़व
थिऐ,8,1,िऐ
ऋशव,7,1,ऋश
आषढ,7,1,षढ
षढयन्त्र,7,1,षढ
औटा,7,1,औट
भछन्,6,1,भछ
गरिऐको,6,1,िऐ
सञचालनमा,6,1,ञच
सञचार,6,1,ञच
ऋर्तु,6,1,ऋर
आइडियोलॉजी,5,1,ॉज
हौइनौँ,5,1,ौइ
द्दट,5,1,दट
चारैओटा,5,1,ैओ
तीनैओटा,5,1,ैओ
छौ्र,5,1,ौ्
छऊञ्जेल,5,2,ऊञ छऊ
षढ्यन्त्र,5,1,षढ
सहयॊग,4,2,यॊ ॊग
ऋर्षिराम,4,1,ऋर
छछल्किएको,4,1,छछ
गर्छछन्,4,1,छछ
दृघकालिन,4,1,ृघ
ऑंसुले,4,1,ऑं
समझशक्तिमा,4,1,झश
समझशक्तिले,4,1,झश
ऑसु,4,1,ऑस
दिऐ,4,1,िऐ
तपाई्रले,4,1,ई्
अओ,4,1,अओ
क्षठ,4,1,षठ
जुड़वा,4,1,़व
पुनःध्यानाकर्षण,4,1,ःध
सोध्ऩ,4,1,्ऩ
डेढघन्टा,3,1,ढघ
डॉम्फुसाँझ,3,1,ॉम
भछ,3,1,भछ
तथआ,3,1,थआ
अओइको,3,1,अओ
बढ़वा,3,1,़व
अक्षंराङ्कन,3,1,षं
घइले,3,1,घइ
औछ्यानमा,3,1,औछ
औटो,3,1,औट
पूर्वऊर्जामन्त्रीसमेत,3,1,वऊ
बढढ्नेछ,3,1,ढढ
मौऽकि,3,2,ऽक ौऽ
उदटन,3,1,दट
पूर्वऊर्जासचिव,3,1,वऊ
कॉमेडी,3,1,ॉम
हलिऊड,3,1,ऊड
इङघङ,3,1,घङ
कॉमन,3,1,ॉम
ऋशीकेश,3,1,ऋश
हेनतई,3,1,तई
ऑंखा,3,1,ऑं
श्रेषठता,3,1,षठ
सरक्षंणमा,3,1,षं
पितृघर,3,1,ृघ
दुःध,3,1,ःध
ऐबाक,3,1,ऐब
देखउन,3,1,खउ
औछ्यान,3,1,औछ
पुनःछलफल,3,1,ःछ
मातृऔँसी,3,1,ृऔ
ऑस्टिन,3,1,ऑस
कागतढुङ्गी,3,1,तढ
भछैन,2,1,भछ
औछ्याउने,2,1,औछ
चढ़यो,2,1,़य
हौइनन्,2,1,ौइ
बढढाउने,2,1,ढढ
हौङलाई,2,1,ौङ
इझि,2,1,इझ
मातृऔंशी,2,1,ृऔ
घइतेको,2,1,घइ
देखउँछ,2,1,खउ
देखउनु,2,1,खउ
परिष्कृतढङ्गले,2,1,तढ
ज्ञछण्,2,1,ञछ
ई्न्टरटेनमेन्ट,2,1,ई्
ऑंमा,2,1,ऑं
ऊड्ने,2,1,ऊड
धङघङी,2,1,घङ
चिरऋणी,2,1,रऋ
काठमाडौ्,2,1,ौ्
षड़यन्त्रहरू,2,1,़य
काठमाडौ्र,2,1,ौ्
गुइझाउ,2,1,इझ
डेढघन्टासम्म,2,1,ढघ
शीर्षठ,2,1,षठ
ई्श्वर,2,1,ई्
ऋशिकेश,2,1,ऋश
अनाथआश्रममा,2,1,थआ
गुइझाओ,2,1,इझ
ऐबेनेजर,2,1,ऐब
वॉशर,2,2,वॉ ॉश
सशक्तढंगले,2,1,तढ
ऐबरले,2,1,ऐब
बिभिन्ऩ,2,1,्ऩ
चचिॅत,2,2,िॅ ॅत
सन्दभॅमा,2,2,भॅ ॅम
अर्धऔपनिवेशिक,70,1,धऔ
ॠषि,49,1,ॠष
ऐेन,39,1,ऐे
सयओटा,27,1,यओ
ज्ञण्,25,1,ञण
ऋखार,25,1,ऋख
सौर्यऊर्जा,23,1,यऊ
सऊदी,19,1,सऊ
कई,18,1,कई
शठ,15,1,शठ
उत्कृठ,14,1,ृठ
मकई,12,1,कई
औा,12,1,औा
ज्ञट,12,1,ञट
रकमऋण,12,1,मऋ
उई,10,1,उई
पेटूोलियम,10,1,ूो
ऋंखला,8,1,ऋं
ऐेतिहासिक,8,1,ऐे
थण्डर,8,1,थण
ऋखारमा,8,1,ऋख
पार्टीै,8,1,ीै
शठता,8,1,शठ
ओधिम्बोले,7,1,ओध
पितृऋण,7,1,ृऋ
वर्षाऋतु,7,1,ाऋ
हुो,6,1,ुो
बताउूछन्,6,1,उू
मातृऋण,6,1,ृऋ
विज्ञटोलीले,5,1,ञट
आईओणिओस,5,1,ओण
प्रमुखआयुक्त,5,1,खआ
अध्यक्षँतामा,5,1,षँ
गृष्मऋतु,5,1,मऋ
यॊ,5,1,यॊ
वर्षाऋतुमा,5,1,ाऋ
दॆखि,4,2,दॆ ॆख
सिजृना,4,1,जृ
आईओण,4,1,ओण
थियॊ,4,1,यॊ
प्रमुखआतिथ्यमा,4,1,खआ
ऋंगार,4,1,ऋं
औाषधि,4,1,औा
जोङउन,4,1,ङउ
भथौल,4,1,भथ
पँूजी,4,1,ँू
ऐहिक,4,1,ऐह
ऋंखलाबद्ध,4,1,ऋं
बहसःः,4,1,ःः
मसऊद,4,1,सऊ
छएक,4,1,छए
गुईझाउमा,4,1,ईझ
गुईझाउको,4,1,ईझ
औाल्याए,4,1,औा
श्रीशठकाेप,4,1,शठ
औव,4,1,औव
ऋजु,4,1,ऋज
ऋजीष,4,1,ऋज
ग्रीष्मऋतु,4,1,मऋ
विऽोह,3,2,ऽो िऽ
दाबीःः,3,1,ःः
उईगेमा,3,1,उई
लाभघ्राही,3,1,भघ
मेटूोमा,3,1,ूो
ढज्ञ,3,1,ढज
प्रमुखआधार,3,1,खआ
तथाऋण,3,1,ाऋ
ॠषिलाल,3,1,ॠष
विज्ञटोली,3,1,ञट
कुम्भकर्णझैं,3,1,णझ
छुंू,3,1,ंू
पंूजी,3,1,ंू
ओण्डरर्स,3,1,ओण
पृठ,3,1,ृठ
आजृन,3,1,जृ
मूढजस्तो,3,1,ढज
ऊठाउने,3,1,ऊठ
पछएको,3,1,छए
उनीहरुो,3,1,ुो
ॠषिका,3,1,ॠष
ओधियाम्बोले,3,1,ओध
औवा,3,1,औव
ऊठेको,3,1,ऊठ
संस्करणझैं,3,1,णझ
युथथिंक,3,1,थथ
लमाएखोला,3,1,एख
शुभघडी,3,1,भघ
लेखथ्यो,3,1,खथ
जयओम,3,1,यओ
ऋखीराज,3,1,ऋख
बुद्घधर्म,3,1,घध
सर्वोत्कृठ,3,1,ृठ
क्रमशःः,2,1,ःः
बुद्घधर्ममा,2,1,घध
जृुन,2,1,जृ
उनान्सयओटालाई,2,1,यओ
परिक्षणआयोजना,2,1,णआ
जोङउनलाई,2,1,ङउ
अर्धऔपनिवेशिकताको,2,1,धऔ
संूूख्यामा,2,1,ंू
काकीैले,2,1,ीै
काठमाडौंआँ,2,1,ंआ
झैु,2,1,ैु
हास्बेल्लाउईले,2,1,उई
भथ्र्यो,2,1,भथ
विद्याथीैहरुलाई,2,1,ीै
दॅशै,2,2,दॅ ॅश
छोरीलाईझै,2,1,ईझ
भनँू,2,1,ँू
सौर्यऊर्जाको,2,1,यऊ
कलिङउडले,2,1,ङउ
गर्नुहुोस्,2,1,ुो
एऽया,2,2,एऽ ऽय
घछनामा,2,1,घछ
जानॆछन्,2,2,नॆ ॆछ
प्रार्थणा,2,1,थण
ऋभु,2,1,ऋभ
पोटॅशियम,2,2,टॅ ॅश
सबखथानी,2,1,खथ
सबखथनी,2,1,खथ
ऐेनको,2,1,ऐे
युऐई,2,2,ऐई ुऐ
आत्मसमर्थण,2,1,थण
दिदैंआएको,2,1,ंआ
वाघधुरा,2,1,घध
एकईश्वरवाद,2,1,कई
ऐहा,2,1,ऐह
सर्वसाधारणझैँ,2,1,णझ
लिम्बकूो,2,1,ूो
घोषँणा,2,1,षँ
पुनःनिर्माणआगामी,2,1,णआ
ग्रहणआइतवार,2,1,णआ
अऩुरोध,2,2,अऩ ऩु
दिएखि,2,1,एख
एवंआगामी,2,1,ंआ
नैु,2,1,ैु
हॊइन,2,2,हॊ ॊइ
मातृऋणको,2,1,ृऋ
आयॅघाट,2,2,यॅ ॅघ
बारुथथान,2,1,थथ
रैुछ,2,1,ैु
एख्लासलाई,2,1,एख
लिइऩ्छ,2,2,इऩ ऩ्
औवल,2,1,औव
वर्षँ,2,1,षँ
सौर्यऊर्जाका,2,1,यऊ
तेह्रथथुम,2,1,थथ
चौधऔं,2,1,धऔ
ऊठाए,2,1,ऊठ
ओधिअम्बो,2,1,ओध
सक्छएक,2,1,छए
पँूजीगत,2,1,ँू
ऋभलतचभ,2,1,ऋभ
घछ,2,1,घछ
ठाउूहरुमा,2,1,उू
बताउूछिन्,2,1,उू
शुभघाट,2,1,भघ
ऐहिकता,2,1,ऐह
माओः,55,1,ओः
ॐकार,39,1,ॐक
धकधई,31,1,धई
नौओटा,31,1,ौओ
आऔं,31,1,आऔ
भएठाउँ,22,1,एठ
तठस्थ,19,1,तठ
ज्ञठ,15,1,ञठ
भऐको,14,1,भऐ
ऋक्,14,1,ऋक
आऔ,13,1,आऔ
धकधईमा,13,1,धई
बर्दघआट,13,1,घआ
म़ा,11,1,म़
बौएलाल,11,1,ौए
ऑखा,11,1,ऑख
भढी,11,1,भढ
हौऔ,10,1,ौऔ
यज्ञडोल,10,1,ञड
हेऱ्यो,9,1,ेऱ
ज्ञड,9,1,ञड
आमऔषधि,9,1,मऔ
भठ्ठी,9,1,भठ
शइमन,8,1,शइ
हेऱ्यौं,8,1,ेऱ
आऔँ,8,1,आऔ
ढाँटढुँट,8,1,टढ
गर्योो,7,1,ोो
काठफोर,7,1,ठफ
साऊथ,7,1,ऊथ
ऋक्सेन,7,1,ऋक
फाऊण्डेशनको,7,1,ऊण
पर्योो,7,1,ोो
ॐको,7,1,ॐक
औगादोगुमा,6,1,औग
ॠग्वेदीय,6,1,ॠग
भठी,6,1,भठ
ॠतुमा,6,1,ॠत
ऊधम,6,1,ऊध
हर्ठफोर्डशायरस्थित,5,1,ठफ
होू,5,1,ोू
ॠतुको,5,1,ॠत
हॊ,5,1,हॊ
पठएको,5,1,ठए
भएठाउँमा,5,1,एठ
महासंघआवद्ध,5,1,घआ
ऑखादान,5,1,ऑख
उठथ्यो,5,1,ठथ
छइन्जेल,5,1,छइ
पकडौआ,5,1,ौआ
व्हाट्सऐपमा,4,1,सऐ
ऋऋत्ख्,4,1,ऋऋ
ॠतु,4,1,ॠत
जओस्,4,1,जओ
छइन,4,1,छइ
कुऑन,4,2,ऑन ुऑ
प्रकाशइत,4,1,शइ
नौओटै,4,1,ौओ
हौऔं,4,1,ौऔ
नामऔपचारिक,4,1,मऔ
भऽगोल,4,2,भऽ ऽग
देओघार,4,1,ओघ
आठथर,4,1,ठथ
दाशढुंगामा,4,1,शढ
थई,4,1,थई
फाऊण्डेशन,4,1,ऊण
चौआयामिक,4,1,ौआ
छुट्टयिौँ,4,1,िौ
ओैषधी,4,1,ओै
याओअनडे,4,1,ओअ
बिटक्व़ाईन,4,1,व़
माईन्यृूट,4,1,ृू
क्षूद्र,4,1,षू
सिग्यिौन,3,1,िौ
एठन,3,1,एठ
ऋसब,3,1,ऋस
ऑखाले,3,1,ऑख
तठ्याकै,3,1,तठ
बाघझैं,3,1,घझ
वषृ,3,1,षृ
टढ,3,1,टढ
छग्रहवा,3,1,छग
कोषू,3,1,षू
ऊध्र्वगामी,3,1,ऊध
मांगॆको,3,2,गॆ ॆक
एीकृत,3,1,एी
रहनॆ,3,1,नॆ
पीडि़त,3,1,ि़
गरॆका,3,2,रॆ ॆक
छऩ्,3,2,छऩ ऩ्
उनलाईै,3,1,ईै
माआोवादी,3,1,आो
तपाईांके,3,1,ईा
ओैं,3,1,ओै
दाशढुंगा,3,1,शढ
छगू,3,1,छग
अऩि,3,2,अऩ ऩि
बिटक्व़ाईनको,3,1,व़
रूखझैं,3,1,खझ
बाघझोडा,3,1,घझ
अमॆरिकन,3,2,मॆ ॆर
नौऔं,3,1,ौऔ
वर्षथप,3,1,षथ
ॠग्वेद,3,1,ॠग
हेऱ्यौँ,3,1,ेऱ
द्दण्ज्ञड,3,1,ञड
छुट्टयिौं,3,1,िौ
आम़ा,3,1,म़
उत्पीडि़त,3,1,ि़
ओै,3,1,ओै
टढा,3,1,टढ
सेन्जझेन,3,1,जझ
माफृत,3,1,फृ
ह्वाट्सऐप,3,1,सऐ
दौढधुप,3,1,ढध
ओघट्ने,3,1,ओघ
तठस्त,3,1,तठ
शइमान,3,1,शइ
वषृको,3,1,षृ
आवाजझैँ,3,1,जझ
काठफोरुवा,3,1,ठफ
बमोजिम़,3,1,म़
औम,2,1,औम
तपाईालाई,2,1,ईा
पाठएको,2,1,ठए
श्रृफको,2,1,ृफ
भढि,2,1,भढ
गर्दैछुःट्रम्प,2,1,ःट
आकॅषक,2,2,कॅ ॅष
छअर्ब,2,1,छअ
औमा,2,1,औम
पाचँओटा,2,1,ँओ
आईपीओः,2,1,ओः
छऊ,2,1,छऊ
एीब्,2,1,एी
निमाणृ,2,1,णृ
यृूएनएचसीआरकी,2,1,ृू
चलाऊथे,2,1,ऊथ
धेरैलाईै,2,1,ईै
सरकारलाईै,2,1,ईै
महन्ठथ,2,1,ठथ
क्ष्ल्एी,2,1,एी
दीर्घआयु,2,1,घआ
आइएसओअनुसार,2,1,ओअ
नबआगन्तुक,2,1,बआ
वर्षथपिदिने,2,1,षथ
आइएलओअन्तर्गत,2,1,ओअ
नजओस्,2,1,जओ
भढ्छ,2,1,भढ
दबाबआयो,2,1,बआ
भऐं,2,1,भऐ
छऊन्जेल,2,1,छऊ
काअी,2,1,अी
नौएटले,2,1,ौए
बृफिङ,2,1,ृफ
बआचौँ,2,1,बआ
फाऊण्डेशनका,2,1,ऊण
आफूे,2,1,ूे
बाघझैँ,2,1,घझ
दौढधुपमा,2,1,ढध
ॠग्वेदमा,2,1,ॠग
भऐ,2,1,भऐ
ऋऋ,2,1,ऋऋ
मौआवड,2,1,ौआ
द्दण्ज्ञठ,2,1,ञठ
टूेड,2,1,ूे
टूेनले,2,1,ूे
जओस,2,1,जओ
खुव़ाउन,2,1,व़
फरोोजी,2,1,ोो
शॉ,2,1,शॉ
रुखझैँ,2,1,खझ
सॆना,2,2,सॆ ॆन
धॆरै,2,2,धॆ ॆर
छ्योअीमा,2,1,अी
छगाम,2,1,छग
सम्पूणृ,2,1,णृ
शिर्षथ,2,1,षथ
बौएलालले,2,1,ौए
धुढधुकी,2,1,ढध
नगरेकोू,2,1,ोू
नगाँओ,2,1,ँओ
हुन्छअनि,2,1,छअ
राजदृूत,2,1,ृू
ऊध्र्वगत,2,1,ऊध
चलाऊथें,2,1,ऊथ
केहअी,2,1,अी
उठएका,2,1,ठए
परदॆशमा,2,2,दॆ ॆश
नौओटासम्म,2,1,ौओ
जझारु,2,1,जझ
भठिहनमा,2,1,भठ
हिमशृफ्ला,2,1,ृफ
आोलीको,2,1,आो
ऋसिराम,2,1,ऋस
सॆप्तेम्बेर,2,2,सॆ ॆप
पुग्नॆ,2,1,नॆ
स्त्रैषूय,2,1,षू
कपःटेष्ट,2,1,ःट
औगादुगो,2,1,औग
भूईामान्छे,2,1,ईा
आोलम्पिक,2,1,आो
छअाइसीसीको,2,1,छअ
ऋसि,2,1,ऋस
महत्वपूणृ,2,1,णृ
दाशढुङ्गामा,2,1,शढ
पर्योू,2,1,ोू
औगात,2,1,औग
आइपिओः,2,1,ओः
धईबाजी,2,1,धई
औमान,2,1,औम
वाट्सऐप,2,1,सऐ
साँओ,2,1,ँओ
फोटोशॉप,2,1,शॉ
साउथईष्ट,2,1,थई
बरर्भझ्याङ्ग,2,1,भझ
छइपेको,2,1,छइ
ओघटेको,2,1,ओघ
सभझदारी,2,1,भझ
हॊला,2,1,हॊ
होमःटे,2,1,ःट
ऋक्थ,2,1,ऋक
अफृकामा,2,1,फृ
ॐकारेश्वर,2,1,ॐक
मैथई,2,1,थई
अनुरॊध,69,2,रॊ ॊध
कालीञ्चोक,55,1,ीञ
ऑनलाइन,22,1,ऑन
छओटा,21,1,छओ
ऎतिहासिक,20,1,ऎत
कालीञ्चोकमा,19,1,ीञ
ऐट,16,1,ऐट
औघोगिक,15,1,औघ
सबओभरसियर,14,1,बओ
भऱ्याङ,13,1,भऱ
प्रागऐतिहासिक,13,1,गऐ
वर्षऔं,12,1,षऔ
खेलकुद़़,11,2,द़ ़़
गाहृो,11,1,ृो
बढएको,11,1,ढए
अघिल्लॊ,11,1,लॊ
दशओटा,11,1,शओ
पछिल्लॊ,10,1,लॊ
सिद्धथान,10,1,धथ
कृष्णऔँसीका,10,1,णऔ
प्राङणमा,9,1,ङण
सगॅ,9,1,गॅ
रशमॊर,9,2,मॊ ॊर
मडई,7,1,डई
ऊः,7,1,ऊः
स्रोतःइमेज,7,1,ःइ
आिर्थक,7,1,आि
ऐण्ड,7,1,ऐण
बढउने,7,1,ढउ
विशेषङ्कबाट,7,1,षङ
पैञ्यू,7,1,ैञ
क्ीऋ,7,1,ीऋ
ऑक्सिजन,7,1,ऑक
बाँढफाँड,6,1,ढफ
इढहो,6,1,इढ
स्वःघोषणा,6,1,ःघ
औहरी,6,1,औह
तटष्थ,6,1,टष
देऊः,6,1,ऊः
मापढण्ड,6,1,ढण
यज्ञध्वज,6,1,ञध
आठआना,6,1,ठआ
ऋहिले,5,1,ऋह
शरदऋतु,5,1,दऋ
बुद्धफिल्ड,5,1,धफ
स्वतःफूर्त,5,1,ःफ
हओ,5,1,हओ
हओस्,5,1,हओ
खइ,5,1,खइ
क्रौञ्च,5,1,ौञ
लैिङ्गक,5,1,ैि
प्रौढशिक्षा,5,1,ढश
शरदऋतुको,4,1,दऋ
एधार,4,1,एध
दहृो,4,1,ृो
छओटै,4,1,छओ
गर्यौि,4,1,ौि
बओरको,4,1,बओ
भओ,4,1,भओ
ढण्,4,1,ढण
तर्फध्यान,4,1,फध
ऋनि,4,1,ऋन
कहॉबाट,4,1,ॉब
दॄश्य,4,2,दॄ ॄश
बुझई,4,1,झई
भन्नेतर्फध्यान,4,1,फध
लैिगंक,4,1,ैि
नेऩार,4,2,ऩा ेऩ
कर्णफूल,4,1,णफ
पूर्णङ्क,3,1,णङ
पैञ्यु,3,1,ैञ
पहाड़भरि,3,1,़भ
ऑपरेटिंग,3,1,ऑप
दुःिखत,3,1,ःि
मरिचझैँ,3,1,चझ
घफिसले,3,1,घफ
वॆबसाइट,3,2,वॆ ॆब
भीड़भाड़,3,1,़भ
ऐथिकल,3,1,ऐथ
ठांऊ,3,1,ंऊ
अन्तऱराष्ट्रिय,3,2,तऱ ऱर
मेडईन,3,1,डई
लागऔषध,3,1,गऔ
राजऋषि,3,1,जऋ
होइऩ,3,1,इऩ
बढउन,3,1,ढउ
ऑप्टिकल,3,1,ऑप
डेढफिटसम्म,3,1,ढफ
एगृइकोनोमिकल,3,1,ृइ
पुनःओरालो,3,1,ःओ
ऒइता,3,1,ऒइ
ऋन,3,1,ऋन
गांऊ,3,1,ंऊ
सर्वज्ञधर,3,1,ञध
एधारौ,3,1,एध
शिक्षकःओई,3,1,ःओ
सोचेॅ,3,1,ेॅ
बोलाईो,3,1,ईो
चैॅ,3,1,ैॅ
फञ्शन,3,1,फञ
इद्यऋ,3,1,यऋ
क्रीऋ,3,1,ीऋ
प्रऻा,3,2,रऻ ऻा
दुधझैँ,3,1,धझ
सिङौरो,3,1,ङौ
पयठ,3,1,यठ
औघड,3,1,औघ
सिङौरी,3,1,ङौ
स्वःफूर्त,2,1,ःफ
आॅगाखेतमा,2,1,आॅ
ऐटेप,2,1,ऐट
प्राङणबाट,2,1,ङण
अथृमा,2,1,थृ
बर्षऔं,2,1,षऔ
आुसार,2,1,आु
पृष्ठआपतकालीन,2,1,ठआ
चठ्ठी,2,1,चठ
ढाढखोलाका,2,1,ढख
ढाढखोला,2,1,ढख
आॅगाखेत,2,1,आॅ
आुलको,2,1,आु
ऐईलिना,2,1,ऐई
ऐथेन्सको,2,1,ऐथ
बइढाएको,2,1,इढ
ढकाललाृइ,2,1,ृइ
धॉँधलीको,2,2,धॉ ॉँ
इसुऐन्स,2,1,ुऐ
दर्ुगन्धझैँ,2,1,धझ
माऒवादी,2,2,ऒव ाऒ
दशओटै,2,1,शओ
उर्लाबारीःइटहरीका,2,1,ःइ
नपाऊञ्जेल,2,1,ऊञ
लागऔषधसहित,2,1,गऔ
मध्यदेशझैँ,2,1,शझ
मनगढ़ंत,2,1,़ं
नबुझई,2,1,झई
जनऐक्यबद्धता,2,1,नऐ
दृढशक्ति,2,1,ढश
गराउृन,2,1,उृ
गुईठा,2,1,ईठ
कृष्णष्टमी,2,1,णष
आऐकोमा,2,1,आऐ
दोसैो,2,1,ैो
साउृन,2,1,उृ
समथृक,2,1,थृ
बुधथापा,2,1,धथ
ॐलाई,2,1,ॐल
शक्त्याऽतिकोपना,2,1,ऽत
ऎतिहसिक,2,1,ऎत
निकृञ्जभित्रको,2,1,ृञ
हुन्छऽ,2,1,छऽ
ॐलाल,2,1,ॐल
फञ्सन,2,1,फञ
भऽ,2,1,भऽ
प्राकॢतिक,2,2,कॢ ॢत
जॊडेको,2,2,जॊ ॊड
ऒइरो,2,1,ऒइ
राजऋषिको,2,1,जऋ
ऋीष,2,1,ऋी
बालकॄष्णजी,2,2,कॄ ॄष
व्यवःिथत,2,1,ःि
तरऽ,2,1,रऽ
छऽ,2,1,छऽ
घोणषा,2,1,णष
प्रौढअवस्था,2,1,ढअ
पुनःघटेको,2,1,ःघ
गऐ,2,1,गऐ
सृञ्जना,2,1,ृञ
कृष्णऔँसी,2,1,णऔ
लाईो,2,1,ईो
चढए,2,1,ढए
राखइने,2,1,खइ
यौिनक,2,1,ौि
खओजी,2,1,खओ
तटष्ठ,2,1,टष
ऐण्टिवायोटिक,2,1,ऐण
सहिष्ण्ॉता,2,2,ॉत ्ॉ
गनेॅ,2,1,ेॅ
ऋहान,2,1,ऋह
आऐको,2,1,आऐ
प्रकाशझैँ,2,1,शझ
आनुषङ्गिक,2,1,षङ
घफारले,2,1,घफ
म्ग्म्द्यऋ,2,1,यऋ
औहियोका,2,1,औह
राजनऐतिक,2,1,नऐ
सॅबिधान,2,1,ॅब
डेभओप्स,2,1,भओ
दाउरारगुईठा,2,1,ईठ
पूर्णङ्कको,2,1,णङ
श्रेयठले,2,1,यठ
रामैो,2,1,ैो
दॢढ,2,2,दॢ ॢढ
मनगढ़ंते,2,1,़ं
थिएऔं,2,1,एऔ
यऺण,2,2,यऺ ऺण
प्रस्टपादैॅ,2,1,ैॅ
भऱ्यो,2,1,भऱ
दुग्धफेनी,2,1,धफ
डेढअक्कल,2,1,ढअ
चठेल,2,1,चठ
धइँ,2,1,धइ
फणफण,2,1,णफ
क्रौञ्चपक्षी,2,1,ौञ
खओला,2,1,खओ
टी़,69,1,ी़
ज्ञघ,17,1,ञघ
दुृई,15,1,ृई
आः,14,1,आः
ज्ञढ,13,1,ञढ
खई,12,1,खई
मनऋषि,11,1,नऋ
स्रोतःई,11,1,ःई
जनकऋषि,10,1,कऋ
वठा,10,1,वठ
तथष्ट,9,1,थष
श्रद्धञ्जली,9,1,धञ
आदेशउपर,9,1,शउ
उऋण,9,1,उऋ
मऱ्यो,9,1,मऱ
स्वऐच्छिक,8,1,वऐ
इो,8,1,इो
छध्र,8,1,छध
ऋमा,7,1,ऋम
झऱ्यो,7,1,झऱ
गनॅ,7,1,नॅ
ऍफ़,6,1,ऍफ
युइएफ़ए,6,1,़ए
प्राग्ऐतिहासिक,6,1,्ऐ
निर्णइ,6,1,णइ
देवऋण,6,1,वऋ
ॠङ्खलाको,5,1,ॠङ
तोड़फोड़,5,1,़फ
साँझचाहिँ,5,1,झच
जलऊर्जा,5,1,लऊ
ऎसेलुको,5,1,ऎस
श्रमऐन,5,1,मऐ
ऩमाटन,5,1,ऩम
डृिम,4,1,डृ
छघ,4,1,छघ
नॉ,4,1,नॉ
औभर,4,1,औभ
छऱ्यो,4,1,छऱ
कथञ्चित्,4,1,थञ
बै़क,3,1,ै़
रजिष्टडॅ,3,1,डॅ
सॅधै,3,1,ॅध
अड़चन,3,1,़च
अृमत,3,1,अृ
ऋौ,3,1,ऋौ
ऑट,3,1,ऑट
द्धठ,3,1,धठ
थाःङ्,3,1,ःङ
पुनःऔषधि,3,1,ःऔ
छढ,3,1,छढ
यज्ञगजाधर,3,1,ञग
गर्यौो,3,1,ौो
योङईन,3,1,ङई
बर्षैौँदेखि,3,1,ैौ
एशोसिशएशन,3,1,शए
द्दठ,3,1,दठ
औें,3,1,औे
माआृवादी,3,1,आृ
दैऊ,3,1,ैऊ
उैन,3,1,उै
ऐउटा,3,1,ऐउ
ज्ञानज्ञुनका,3,1,ञु
एौटै,3,1,एौ
ब्एऋ,3,1,एऋ
अऋणी,3,1,अऋ
चहान्छुौँ,2,1,ुौ
क्यु़्स्युमा,2,1,ु़
ऑगनमा,2,1,ऑग
सामञफल,2,1,ञफ
आौद्योगिक,2,1,आौ
ऎश्वर्य,2,1,ऎश
मऊ,2,1,मऊ
नपओस्,2,1,पओ
बायोग्याॉस,2,1,ाॉ
माओृवादी,2,1,ओृ
काॠ,2,1,ाॠ
छँौं,2,1,ँौ
